result_name,IoU,Dice,Acc,Recall
result_0.png,0.85828978099342,0.9177920656772717,0.99611328125,0.9147821810974155
result_1.png,0.8626040655923547,0.9208073289280371,0.994765625,0.9050988621623612
result_2.png,0.9259735866986004,0.9601181181488,0.997822265625,0.9555252363822113
result_3.png,0.8235845087861148,0.8936531614347769,0.993583984375,0.8591773501559543
result_4.png,0.8735189340017622,0.9278127272588588,0.99728515625,0.9130919107164899
result_5.png,0.8846561574634784,0.9350316786703741,0.99677734375,0.9035065996667044
result_6.png,0.8290436627300544,0.8972871482595706,0.99654296875,0.8799631271124866
result_7.png,0.8759598351869826,0.9293556614524301,0.99791015625,0.892642067806493
result_8.png,0.909440541716342,0.9503346634154919,0.99763671875,0.9695395196489833
result_9.png,0.6462287654576662,0.728907002642509,0.992392578125,0.6547437953739504
result_10.png,0.872786772484657,0.9277063791821454,0.992470703125,0.9283907947198985
result_11.png,0.7616337919096927,0.8441396524811633,0.99654296875,0.8191567628316037
result_12.png,0.8754694595442651,0.9289506824619993,0.99904296875,0.9089341032263698
result_13.png,0.911830363751053,0.9517511828098586,0.998046875,0.9644914937644271
result_14.png,0.8004558651409168,0.8754311884605575,0.999462890625,0.8216614256134656
result_15.png,0.8768593680475647,0.9301089179082731,0.99564453125,0.9014335940982721
result_16.png,0.8514120390220976,0.9136370829384932,0.99044921875,0.8714295605342334
result_17.png,0.8682039617591264,0.9255548845158339,0.98181640625,0.9099332242913106
result_18.png,0.781940147133189,0.8620492329492909,0.990556640625,0.8463443422200476
result_19.png,0.8809937119824267,0.9328246248421034,0.99490234375,0.9074902372782441
result_20.png,0.8423003827972206,0.9066815465856837,0.997119140625,0.8821924300887956
result_21.png,0.7800131855936264,0.860890220899747,0.987998046875,0.8081772983326327
result_22.png,0.80510787433782,0.8795716744069682,0.9955078125,0.8599923626549637
result_23.png,0.8737575193672289,0.9284392415656808,0.9911328125,0.9121919261606433
result_24.png,0.8846870573650598,0.9355603730372828,0.9893359375,0.9180623349200687
result_25.png,0.8614420948355304,0.9216358881967537,0.975693359375,0.8939827425455724
result_26.png,0.7362001231138042,0.8228421816596585,0.990400390625,0.7712392204697606
result_27.png,0.9089668982191007,0.9500662895871528,0.9973046875,0.9584610469955681
result_28.png,0.8358159173140645,0.9019829327200264,0.998134765625,0.9090532004758007
result_29.png,0.7174364710220429,0.8166568235397149,0.93810546875,0.7637578630479521
result_30.png,0.8760512988316114,0.9297668346591452,0.99322265625,0.9141835122980531
result_31.png,0.8637658787467948,0.9213275944075213,0.997783203125,0.9322605859145741
result_32.png,0.8662872140078445,0.9231652983899307,0.99587890625,0.896271594456407
result_33.png,0.6859034734125142,0.7971130036436811,0.89541015625,0.7507662856513266
result_34.png,0.8107576918082771,0.8852008627684338,0.9851171875,0.8370590659495376
result_35.png,0.8924311637895972,0.9400387768927672,0.995185546875,0.9103708629766114
result_36.png,0.8593346618691524,0.9189677990294794,0.99072265625,0.9363892420216429
result_37.png,0.8531342666637921,0.9141606704357317,0.99748046875,0.867950057626109
result_38.png,0.5038113938352795,0.5109932353223633,0.995302734375,0.5061601642710473
result_39.png,0.5670671433530542,0.61978878548518,0.997109375,0.5691029498219041
result_40.png,0.6105143349832327,0.6885483879825142,0.981669921875,0.6859758426586904
result_41.png,0.9257623811927314,0.9599777762010921,0.9982421875,0.9619867779733196
result_42.png,0.8121763983864262,0.8866171769601945,0.982236328125,0.8419353903012012
result_43.png,0.9258194449178853,0.9600656594544067,0.996923828125,0.9721552227265813
result_44.png,0.8771677126408693,0.9300588558786107,0.998994140625,0.9204241817746748
result_45.png,0.812256889449709,0.884935122660454,0.99607421875,0.8591131836018732
result_46.png,0.8758148473703442,0.9293815032451886,0.996318359375,0.9092600263892725
result_47.png,0.8706074193242739,0.9259834132237693,0.9962890625,0.8888836477450168
result_48.png,0.852457658325267,0.9138509269108335,0.995830078125,0.8832953435163442
result_49.png,0.6981853855217452,0.787502060229333,0.9858984375,0.7940312172049387
result_50.png,0.8805114025594686,0.932303493008743,0.9978515625,0.916184691606452
result_51.png,0.8966505080994495,0.9426976064275379,0.994580078125,0.9273622087548419
result_52.png,0.8281721956248091,0.8967305554586895,0.99587890625,0.8446961513584783
result_53.png,0.839879509497907,0.9064182490515316,0.9830078125,0.8700895481225568
result_54.png,0.8367278248975698,0.9041185153686597,0.983994140625,0.8558068520246491
result_55.png,0.6728800518508357,0.7608534009851164,0.986787109375,0.6978257888715997
result_56.png,0.7384928639062592,0.8250886326192202,0.98958984375,0.9400953252180422
result_57.png,0.8233169448791153,0.8939844263225798,0.9890625,0.8514967658561471
result_58.png,0.8195848377865534,0.8908355924869906,0.992568359375,0.8982309287438538
result_59.png,0.7512524246411236,0.8374276838964989,0.9842578125,0.7682139004818199
result_60.png,0.8109116491657655,0.8840359420769139,0.995166015625,0.8531674330291545
result_61.png,0.7570284919617749,0.8416511935282602,0.98841796875,0.7806395687581865
result_62.png,0.8509551416129555,0.9127769869755187,0.9962890625,0.9558747395403872
result_63.png,0.7752496689120667,0.8574469161087548,0.98529296875,0.8019492474383997
result_64.png,0.8889792039098702,0.9382471926508895,0.989482421875,0.9248484114569353
result_65.png,0.8812080829344894,0.9330118996432584,0.99419921875,0.9129457301816948
result_66.png,0.5032074355583086,0.5091519093006344,0.9962109375,0.5051954323057367
result_67.png,0.8362305440072489,0.9024542335568724,0.996494140625,0.8692254764033907
result_68.png,0.7763180149972992,0.8582338508054072,0.9858203125,0.897170895049312
result_69.png,0.8580726805946934,0.9175559295942158,0.997119140625,0.8911735977585933
result_70.png,0.8820954722307264,0.9334376906386435,0.996201171875,0.9293017750448256
result_71.png,0.8583591451320279,0.9176568951982103,0.9981640625,0.8697063266578179
result_72.png,0.8367100625355028,0.9034541936897561,0.99025390625,0.8890704684998839
result_73.png,0.8607148588591349,0.9195317628236874,0.994892578125,0.880384433343889
result_74.png,0.8741652024068237,0.9285641686636719,0.99296875,0.9048502785963104
result_75.png,0.6466673364817335,0.7333074706490685,0.980849609375,0.8385343489711182
result_76.png,0.8663163401541363,0.9232296348064319,0.99533203125,0.8996431705573367
result_77.png,0.857419108090135,0.9170563992255818,0.99775390625,0.8883567797999672
result_78.png,0.8407716244200082,0.9055162621820526,0.99798828125,0.8787316948828472
result_79.png,0.8506360969286859,0.9126924306167059,0.99486328125,0.893464897986243
result_80.png,0.8625282659802186,0.9208512990737167,0.99365234375,0.8848834677208901
result_81.png,0.7751047559649689,0.8606868350293762,0.96388671875,0.812008358116634
result_82.png,0.8588647321804855,0.9179748437496871,0.9984375,0.902451151668896
result_83.png,0.8455353592779955,0.9088228973135531,0.998349609375,0.9032190718872344
result_84.png,0.8503787464529033,0.9134429523541041,0.9849609375,0.9388042384596136
result_85.png,0.8215963804079198,0.893433758832813,0.98302734375,0.8474361669656887
result_86.png,0.8508498292017185,0.9124117762751707,0.999375,0.8951705516245612
result_87.png,0.867907565659122,0.9239728909499252,0.999130859375,0.912075354428332
result_88.png,0.8817037602358466,0.9330952874875296,0.997490234375,0.9032746151788463
result_89.png,0.8479655574644916,0.9124905030898256,0.977587890625,0.874973645113912
result_90.png,0.9171850019500125,0.9549479750302672,0.997998046875,0.9623001018463969
result_91.png,0.8264081600592683,0.8955660093145247,0.994853515625,0.8793160659187327
result_92.png,0.9230144746914322,0.9583289033519274,0.9992578125,0.9495365505548623
result_93.png,0.8636746534943638,0.9214383707325506,0.995751953125,0.8965526246933615
result_94.png,0.7816072428405749,0.8626557892894613,0.98490234375,0.7983330089339563
result_95.png,0.7795257957307045,0.860229623573739,0.9896875,0.90596323295035
result_96.png,0.7505907676307748,0.8346489216909012,0.9958984375,0.7952522828824093
result_97.png,0.8650792104004748,0.9224403670405672,0.994951171875,0.9011857731045378
result_98.png,0.8772815171969177,0.9304145178126435,0.995205078125,0.9010020004424799
result_99.png,0.8635026743515495,0.9216294405133963,0.992119140625,0.887232671176175
result_100.png,0.8662645726754414,0.924607845861439,0.9778515625,0.8949640014817388
result_101.png,0.8694555623509894,0.925250808123937,0.9959765625,0.8975312903968446
result_102.png,0.7051658608019391,0.7928377126251958,0.992451171875,0.7262017303956453
result_103.png,0.8471182180505132,0.9101481771911263,0.99607421875,0.9234877992877875
result_104.png,0.9107244555570408,0.9511381906918566,0.997041015625,0.9546925763383258
result_105.png,0.9095754695366138,0.9504241196745898,0.99748046875,0.9647036838171081
result_106.png,0.8923485477277817,0.9398812755837966,0.99685546875,0.9218113536809098
result_107.png,0.6887746478148684,0.7768726536066377,0.989765625,0.7083263855368955
result_108.png,0.866223101510629,0.9230913679126159,0.996259765625,0.8746959384181523
result_109.png,0.8579313461928049,0.9177619375532915,0.993720703125,0.8644779937189842
result_110.png,0.8841853609065484,0.9347514488679007,0.996494140625,0.9386299926946291
result_111.png,0.8425829928012167,0.9071734299623431,0.99421875,0.8937966923767864
result_112.png,0.7785834463362284,0.8591186432124476,0.99185546875,0.8101972163524709
result_113.png,0.5644403597457017,0.6206307802493077,0.987705078125,0.5724746140589198
result_114.png,0.8817998251980558,0.9332027070942321,0.996845703125,0.9326786785878176
result_115.png,0.8325918418870577,0.9008414655323025,0.987392578125,0.8602476441520538
result_116.png,0.8468710706126917,0.9106126838419077,0.989521484375,0.9268962196101456
result_117.png,0.8036551286011403,0.8780136915187091,0.99875,0.8158142413223963
result_118.png,0.8819122931187148,0.9331734421315867,0.998271484375,0.9434213501405728
result_119.png,0.8686898353971257,0.9248468391466139,0.9947265625,0.9257611201345687
result_120.png,0.87597552839354,0.9294232999318564,0.9971484375,0.9234102647169439
result_121.png,0.7839797182142564,0.8625018660734298,0.998251953125,0.8586696295768501
result_122.png,0.8303982413154917,0.898647222391824,0.993125,0.8794878261437648
result_123.png,0.8343745893919919,0.9016566736473186,0.9916015625,0.9719304046140795
result_124.png,0.744242984514695,0.8305173656492246,0.988212890625,0.8082978253037478
result_125.png,0.8250248623048875,0.8949482373183895,0.991474609375,0.8474503578401631
result_126.png,0.6928249200232579,0.7816949727003246,0.987333984375,0.9298299429434931
result_127.png,0.5823607798525431,0.6538661599922027,0.973544921875,0.5973603072895135
result_128.png,0.8668756394017636,0.9235984162822448,0.9953515625,0.8924362251342927
result_129.png,0.8646549950802014,0.9218999770337575,0.998037109375,0.8921452527163976
result_130.png,0.8871821806644913,0.9368149420137724,0.994091796875,0.9168886561625689
result_131.png,0.7286524535317445,0.8141269280691863,0.998525390625,0.7293906810035842
result_132.png,0.8352027221442142,0.9018085955591923,0.99568359375,0.849757641705411
result_133.png,0.8528981438824662,0.9149632543754362,0.98701171875,0.8883661777525163
result_134.png,0.6906970844906406,0.7798355817553181,0.98611328125,0.7088006453249016
result_135.png,0.8720723902050629,0.9269814469137512,0.995810546875,0.8870831449145433
result_136.png,0.7827939606364657,0.8623324380006531,0.993173828125,0.8169163806705324
result_137.png,0.8826976268222357,0.934053912299745,0.992900390625,0.9203252151076473
result_138.png,0.8492658495087178,0.9118243332647341,0.99408203125,0.8746976536774994
result_139.png,0.8518284677058952,0.914058229352347,0.98896484375,0.8739679367730886
result_140.png,0.6731063631920806,0.7603113485820958,0.98947265625,0.6824576677870875
result_141.png,0.9158784603712646,0.9541846030335606,0.997734375,0.957000718223634
result_142.png,0.8458863741154301,0.9090029603659313,0.99900390625,0.9104596832857702
result_143.png,0.8112430184126269,0.883882140372478,0.99830078125,0.870155012454787
result_144.png,0.8260553866787905,0.8948839009109952,0.99853515625,0.8672972080118089
result_145.png,0.8272359541656416,0.8963289128671668,0.9934375,0.8815397727188345
result_146.png,0.9072539334354572,0.9491510100261731,0.995048828125,0.9622990247651745
result_147.png,0.9148907417051867,0.9535881595045103,0.99791015625,0.9658384432523294
result_148.png,0.8695456033456197,0.9258118218697933,0.989658203125,0.9118815530279667
result_149.png,0.855966004355491,0.9165090443485541,0.992880859375,0.884400999931181
result_150.png,0.823573294146413,0.8976573601164182,0.957919921875,0.8602176771117673
result_151.png,0.8626367921073117,0.9207860020201539,0.9952734375,0.8816809545857206
result_152.png,0.8801054253243512,0.932320403322422,0.993994140625,0.9000997336927908
result_153.png,0.8822945497866574,0.9336435231177502,0.995087890625,0.901450312643246
result_154.png,0.5937567700363698,0.6700641904794843,0.9725390625,0.6751945306607878
result_155.png,0.7182541399314895,0.8095147578963762,0.97521484375,0.7456833026493991
result_156.png,0.8845828724471811,0.9349283573365612,0.99759765625,0.9282601880404111
result_157.png,0.9343657167941057,0.9649629829579052,0.997646484375,0.9627541524708301
result_158.png,0.8481930766799763,0.9107915712127177,0.997119140625,0.854274760634328
result_159.png,0.8935065486258605,0.940575493945027,0.99732421875,0.9186032854553751
result_160.png,0.8821483831811731,0.9334556627188447,0.99642578125,0.9377930614973645
result_161.png,0.8686950880866755,0.9245785301296024,0.998095703125,0.8776535529445354
result_162.png,0.9194693068083601,0.9562993757645202,0.997998046875,0.9642295463347641
result_163.png,0.7868901233330612,0.8648689588572757,0.9981640625,0.8283386712943818
result_164.png,0.8105468665367752,0.8861330423583256,0.97640625,0.8446219003605611
result_165.png,0.8281159900414174,0.8967307816391321,0.995517578125,0.8745145373791068
result_166.png,0.7453302935170196,0.8343077008393835,0.973447265625,0.768909392665802
result_167.png,0.8585178416880959,0.9194934968102828,0.97828125,0.8909249269517707
result_168.png,0.8363809710124832,0.9027327236363709,0.9948828125,0.900130670960775
result_169.png,0.8618129758783868,0.9200167096787466,0.9978125,0.8813990757546842
result_170.png,0.9029883593885503,0.9465180014668286,0.995830078125,0.9492200826867263
result_171.png,0.8554092086006979,0.9157983370171561,0.9965625,0.8851773005208855
result_172.png,0.834169907455278,0.9028341825578599,0.9791015625,0.8888963152401786
result_173.png,0.8224264916575861,0.8933081465277782,0.989296875,0.8470744466800805
result_174.png,0.8470314722890102,0.9109387618542433,0.987275390625,0.9032462477297398
result_175.png,0.798608269824904,0.8750431126851619,0.991953125,0.8154088077127981
result_176.png,0.8773186699471542,0.9303994533502689,0.995732421875,0.8934901145889409
result_177.png,0.8576872038303898,0.9170973863184007,0.999326171875,0.9161015874252543
result_178.png,0.8853833805172728,0.9355363058200248,0.996162109375,0.917372404310601
result_179.png,0.92353178698886,0.9586824769433465,0.9980859375,0.9594391606545418
result_180.png,0.8301771936367117,0.89804927112046,0.997060546875,0.840686406033662
result_181.png,0.6765653389379942,0.7645260364439354,0.987822265625,0.8163641108102009
result_182.png,0.862753318110461,0.9206107185867054,0.9982421875,0.8802061733948636
result_183.png,0.8215891088029172,0.891828472510466,0.99662109375,0.8463341999322214
result_184.png,0.8728471798948443,0.9272869743804182,0.9983984375,0.9341410431324536
result_185.png,0.7667444251603033,0.8531208778795456,0.9691015625,0.7963033722333664
result_186.png,0.6836793885536073,0.7706268584532444,0.993046875,0.69747057020576
result_187.png,0.8889764118860948,0.9376569335211251,0.998466796875,0.9240269031156376
result_188.png,0.8995157986150016,0.9444478337096405,0.99484375,0.9591983779220268
result_189.png,0.8417803553260369,0.9072964462438147,0.987421875,0.8972189858669775
result_190.png,0.8467677630496175,0.9096511392635966,0.998662109375,0.8660844092542783
result_191.png,0.8820930260093252,0.9340248592877176,0.987802734375,0.939951248763324
result_192.png,0.8813997019037085,0.9332008743681836,0.99326171875,0.9210099188126679
result_193.png,0.5370589619656285,0.5745095662564634,0.99095703125,0.682004115485106
result_194.png,0.8735530758762183,0.9281493905009564,0.993193359375,0.8943622688757086
result_195.png,0.8805759344191677,0.9323921331273728,0.997197265625,0.8898848895028708
result_196.png,0.8882845639280665,0.9372092122431999,0.998623046875,0.9407032039052856
result_197.png,0.7857586100406916,0.8661760346031389,0.98353515625,0.8078312002297054
result_198.png,0.8407793288653053,0.9055861526357198,0.99736328125,0.8869253104314816
result_199.png,0.8260650739773243,0.895667887250281,0.991787109375,0.845317574366942
result_200.png,0.8666957491320503,0.9240570751368802,0.988251953125,0.9059955628388374
result_201.png,0.8876763723637442,0.9368784706370246,0.9978125,0.9071614001059611
result_202.png,0.6913067937495786,0.7828060620080746,0.977138671875,0.8934326385447721
result_203.png,0.8477522216803877,0.9108068440997399,0.99380859375,0.9061786614113759
result_204.png,0.8157093601129402,0.8874622346095846,0.9966015625,0.8480837169040347
result_205.png,0.8816041049336183,0.9330758840547265,0.996865234375,0.9156666499264963
result_206.png,0.8846595455578237,0.9350439360532924,0.996630859375,0.9125429244111929
result_207.png,0.8732628561686704,0.9275121548030789,0.99900390625,0.9112628278007294
result_208.png,0.880875567130328,0.9326028780807594,0.996943359375,0.943623011554338
result_209.png,0.9356756772831749,0.96564658604032,0.999443359375,0.9695767734343771
result_210.png,0.8868763755274391,0.9364546145807837,0.99658203125,0.9271075407552904
result_211.png,0.8222640258583769,0.8927249418001836,0.993251953125,0.8431994202192139
result_212.png,0.8864550353596424,0.9361777638599924,0.996728515625,0.926837344363644
result_213.png,0.8726561784722434,0.927274411912661,0.996953125,0.9086477017536472
result_214.png,0.8662170290420025,0.9231429026583395,0.9955859375,0.8972330751823031
result_215.png,0.8737381608595567,0.9282525456834172,0.99341796875,0.8863456776579046
result_216.png,0.8177223308024807,0.8919932632430467,0.971279296875,0.8506462760951585
result_217.png,0.6320193751271237,0.7139736099012106,0.986220703125,0.9125639172075606
result_218.png,0.8593916244746413,0.9192769819466777,0.987587890625,0.8900216973828775
result_219.png,0.8420076294614599,0.9065604325637239,0.9962890625,0.8958832143686375
result_220.png,0.8536297909797415,0.9146559988315321,0.995791015625,0.8789114766325239
result_221.png,0.7557664149263563,0.8440968009519566,0.96865234375,0.7851679879562838
result_222.png,0.8491734809104942,0.9113316980590633,0.9985546875,0.8781080015034053
result_223.png,0.8059393282707052,0.8806428125359973,0.99224609375,0.8443657663568414
result_224.png,0.8399118281523403,0.9051690574390322,0.995478515625,0.9250755906075829
result_225.png,0.8848913203810018,0.9351477247160969,0.997265625,0.9106112064206989
result_226.png,0.8499864831721504,0.9120888843595631,0.996513671875,0.8630198631901207
result_227.png,0.8935871656465926,0.9406258281828923,0.99732421875,0.9459151835415491
result_228.png,0.9011506381663112,0.9453239038189534,0.99705078125,0.9218880453149549
result_229.png,0.8629175998927612,0.9208947760098514,0.996201171875,0.8933240575126417
result_230.png,0.8947538870740357,0.9413333095608479,0.997646484375,0.9233772537840358
result_231.png,0.8438323384636387,0.9087032746470456,0.987587890625,0.871322279850159
result_232.png,0.8262087729719074,0.8953434064114518,0.99552734375,0.8523208043674827
result_233.png,0.885473533786358,0.9357817412805937,0.9933984375,0.9139529637755867
result_234.png,0.8668607143044674,0.9250149112705583,0.97759765625,0.8996805364321847
result_235.png,0.840845842897344,0.9062883125279084,0.99095703125,0.8670157947845398
result_236.png,0.8556987371639646,0.9160121532915004,0.996376953125,0.8780994478423583
result_237.png,0.8814874515150174,0.9336898816920054,0.987099609375,0.9145719208163727
result_238.png,0.7557683352845473,0.8406628425748885,0.987890625,0.7778143966620318
result_239.png,0.8693130993295813,0.9251084564956529,0.99658203125,0.9323415700546341
result_240.png,0.8953178836147558,0.9416278294751936,0.998564453125,0.9433667004384981
result_241.png,0.8401183154387466,0.9050407239902927,0.998125,0.8804670890874321
result_242.png,0.8719691358643469,0.9269657054285069,0.995146484375,0.8994764521953174
result_243.png,0.8716156060222628,0.9266870036168123,0.995751953125,0.9362565393151554
result_244.png,0.8310524411812312,0.8994244490283095,0.99033203125,0.9055403157009376
result_245.png,0.6159429429359488,0.6941795259192434,0.985185546875,0.6288345920858339
result_246.png,0.8650632508912364,0.9221698113207547,0.99806640625,0.9144497737825027
result_247.png,0.7060708387342856,0.7947113576607592,0.988486328125,0.7140702539479227
result_248.png,0.8467994388145044,0.9099346469288423,0.99599609375,0.8775784857091934
result_249.png,0.8551829725268165,0.9166514529393541,0.985380859375,0.8834000844941274
result_250.png,0.57107339871572,0.6259080848772102,0.997177734375,0.9885930630190523
result_251.png,0.861827914435473,0.9204278480817918,0.993134765625,0.875186057655194
result_252.png,0.8927515175453349,0.9401203299206166,0.997060546875,0.951514847128152
result_253.png,0.8347450862595918,0.9015798487686635,0.994775390625,0.8776944552071916
result_254.png,0.7521529714219369,0.8372465166471136,0.989423828125,0.8975697095689148
result_255.png,0.8850469328865422,0.9351465631156956,0.998720703125,0.9496995132772801
result_256.png,0.8669072113132115,0.9235192839472532,0.996572265625,0.9398320311371973
result_257.png,0.7702788173324353,0.8539588763490318,0.9816796875,0.8623101957679071
result_258.png,0.8826500876786785,0.9338992952707619,0.994677734375,0.9274414256812491
result_259.png,0.8564231552657758,0.91656677714903,0.99568359375,0.9117248928900182
result_260.png,0.8272404365894332,0.8967522709769526,0.9897265625,0.8746456884250378
result_261.png,0.8360408590087652,0.9027761046671721,0.992197265625,0.8807156519720729
result_262.png,0.8764312053580346,0.9296597239989953,0.997939453125,0.9451670338978603
result_263.png,0.7641229034478112,0.8468651198918236,0.993154296875,0.8282533678451218
result_264.png,0.8875719148197077,0.9370172291133103,0.99474609375,0.9107683216082562
result_265.png,0.8931170178188104,0.9406049421524239,0.992978515625,0.9586572913509841
result_266.png,0.8684457573086564,0.9247465775119048,0.993974609375,0.8813661235954511
result_267.png,0.8711352772341472,0.9265080471605637,0.9940234375,0.8941595289247449
result_268.png,0.78560320229916,0.8666975358875227,0.97919921875,0.900619044480719
result_269.png,0.8650383510589238,0.9223310889529794,0.9959375,0.915388687560793
result_270.png,0.8910574395184021,0.9389391814123185,0.998916015625,0.9318766271196532
result_271.png,0.7916596217978455,0.8690679758213382,0.995595703125,0.8622474316366928
result_272.png,0.8137310422935461,0.8888441306589893,0.97337890625,0.8432567790956971
result_273.png,0.8660566991859325,0.9227339998377135,0.99923828125,0.9098099318414365
result_274.png,0.8576215357275817,0.917338454800534,0.9961328125,0.9332470992558921
result_275.png,0.8766464780219205,0.9298704371268296,0.9969921875,0.944537469604996
result_276.png,0.9200965758772965,0.9566948367788967,0.997431640625,0.9624578786949662
result_277.png,0.9020001267207878,0.9457718290058894,0.998330078125,0.9268622980649586
result_278.png,0.8245971237859637,0.8941032318147676,0.99607421875,0.8444165885489685
result_279.png,0.8907276960438952,0.9388677759203072,0.99681640625,0.9310030404932561
result_280.png,0.6451331051906282,0.7268300950486708,0.9946484375,0.6520081812671636
result_281.png,0.9105659896091072,0.9509517816198064,0.998818359375,0.9773491626402184
result_282.png,0.8525636249949702,0.9136617531997607,0.9986328125,0.8836405335114175
result_283.png,0.8977092745692158,0.9430702926819241,0.99927734375,0.9350891043108044
result_284.png,0.8548409238475834,0.9152870251506209,0.997919921875,0.8776621654365926
result_285.png,0.8753835406651786,0.9296118560603943,0.989521484375,0.9051865075920362
result_286.png,0.8444538496941266,0.9085392634806038,0.99361328125,0.8849275303661978
result_287.png,0.7980598538915938,0.873866333618585,0.99728515625,0.9124094018242913
result_288.png,0.8810864373471584,0.9332342827710179,0.9899609375,0.9293309606367857
result_289.png,0.8431439424700536,0.9072487553358636,0.99736328125,0.8617787263341827
result_290.png,0.879333932415336,0.9319248715318322,0.9926171875,0.926418719948557
result_291.png,0.6289948740219448,0.7122565102981957,0.9807421875,0.7467341383592069
result_292.png,0.8573895113316815,0.9178004826350314,0.989150390625,0.8809844645182632
result_293.png,0.80643302319349,0.8808937187792476,0.993193359375,0.8695023556852027
result_294.png,0.8010699346426056,0.8792199078877438,0.975068359375,0.8358136820765851
result_295.png,0.889793262609452,0.9382427167530534,0.997392578125,0.9641206117160055
result_296.png,0.7949563116696546,0.8727587109984329,0.987998046875,0.9156873229343556
result_297.png,0.9136070584226346,0.9529358493249059,0.995595703125,0.9362415196770721
result_298.png,0.8687682515505186,0.9248034508783287,0.995908203125,0.9006580033445024
result_299.png,0.856887611131644,0.9177676184805549,0.985693359375,0.885139739360691
result_300.png,0.8454320270053189,0.9089009906852514,0.9968359375,0.8727316091518216
result_301.png,0.7832291343399194,0.8634929043023549,0.9879296875,0.8291461027654694
result_302.png,0.8544798454472469,0.9150215931459604,0.998125,0.9121356704339774
result_303.png,0.8407027490985041,0.9057501736146446,0.995244140625,0.8596788989230686
result_304.png,0.6888915677835408,0.8048201768887211,0.872001953125,0.7682091678332836
result_305.png,0.7231017447050274,0.8103526331247306,0.991953125,0.7560630595024413
result_306.png,0.7242555086500783,0.8104423991895409,0.99642578125,0.7354367563788529
result_307.png,0.8110896241668055,0.8843798258078157,0.99353515625,0.880506861439484
result_308.png,0.8560736185149838,0.9162678349920316,0.9963671875,0.9370758183322725
result_309.png,0.9247529388481139,0.959392220069941,0.998173828125,0.9659202154874629
result_310.png,0.8707099883263445,0.9263570389990778,0.99240234375,0.9245308721233918
result_311.png,0.9255050221959309,0.959823800408333,0.99833984375,0.9632546219318425
result_312.png,0.5993523286464023,0.6754951859350056,0.977529296875,0.69667613101253
result_313.png,0.8332179985438508,0.900469751421922,0.994951171875,0.846536947885083
result_314.png,0.9236906611363733,0.9587691281150597,0.998232421875,0.9656201181572401
result_315.png,0.8646606376468284,0.9229569562286485,0.98533203125,0.8962779842462485
result_316.png,0.7848927051646222,0.8660331046397141,0.979892578125,0.8106787201370139
result_317.png,0.8570711933970787,0.9174363751479162,0.990849609375,0.8814855502033854
result_318.png,0.8134034305934377,0.8857552955024881,0.996416015625,0.9177993720954601
result_319.png,0.744046058144464,0.8298910282468384,0.9905078125,0.911965768574
result_320.png,0.8441485920811708,0.9085795207290155,0.991064453125,0.9444272052098849
result_321.png,0.8088363245257488,0.8826098947590489,0.99404296875,0.8158333333333333
result_322.png,0.895910748098211,0.9421126609889041,0.996669921875,0.9413852861896884
result_323.png,0.8823192637939363,0.9335443037974684,0.99671875,0.935898302019974
result_324.png,0.8461584910163783,0.9097937616022225,0.992890625,0.8846255892073002
result_325.png,0.9078709009989876,0.9494791499274934,0.995888671875,0.9440683300695887
result_326.png,0.7867372211556476,0.8653759268646047,0.994033203125,0.8032061139902963
result_327.png,0.8776852734908103,0.9311212499674939,0.98912109375,0.9041620661053774
result_328.png,0.8161481547912441,0.8888468249069469,0.98802734375,0.8436237174966889
result_329.png,0.8978374471204591,0.9433233448158074,0.996376953125,0.9558681835390918
result_330.png,0.9112946662147274,0.9516139802212364,0.994404296875,0.9586877988489707
result_331.png,0.8460183480140295,0.9097043307569623,0.9928125,0.8680182085019336
result_332.png,0.7860691344476897,0.8663450995263835,0.984052734375,0.830126024167789
result_333.png,0.7523515695374456,0.8367593452663125,0.992939453125,0.8061546769475966
result_334.png,0.8729409175663346,0.9276480204993507,0.99453125,0.8891545184607654
result_335.png,0.7888244936014553,0.8675402744731011,0.990712890625,0.8040902501623204
result_336.png,0.8558973014505094,0.9161771975479526,0.996044921875,0.8908010703549065
result_337.png,0.8554205680760574,0.9162883435421975,0.99123046875,0.8824863681823787
result_338.png,0.8669701486471537,0.9233344971249839,0.999326171875,0.9150705771710406
result_339.png,0.914366343053453,0.9533202021536942,0.9969921875,0.9573441025687706
result_340.png,0.8432009898402231,0.9078292648037438,0.991982421875,0.8727480272540589
result_341.png,0.6121183096111551,0.6859990946474964,0.99314453125,0.8111614374547436
result_342.png,0.7546928829165663,0.8393879327903346,0.989775390625,0.9143027082945769
result_343.png,0.9025492781027842,0.9461759507545542,0.997138671875,0.9734732032196189
result_344.png,0.8716790930470963,0.9268499707061225,0.99419921875,0.916047643154686
result_345.png,0.8760585388674478,0.929356434923162,0.99875,0.8948317382152817
result_346.png,0.8355427846958541,0.9023491570004158,0.992890625,0.8611495897215274
result_347.png,0.8328331989512017,0.9022212608347844,0.976005859375,0.8583090458402043
result_348.png,0.8158900174637671,0.8879225893742475,0.993984375,0.86233170568264
result_349.png,0.87678710996278,0.9300410509619688,0.995927734375,0.9022116792250301
result_350.png,0.91384398255068,0.9529669447159235,0.997841796875,0.9535326423091106
result_351.png,0.8922211613425218,0.9399892275600061,0.993896484375,0.9299099216857727
result_352.png,0.880941222290203,0.9326611298890287,0.99671875,0.9484548304070517
result_353.png,0.8195698970249574,0.8909652504661244,0.991396484375,0.8403511639104664
result_354.png,0.7774638790729762,0.8584726895336565,0.99017578125,0.7983540534131258
result_355.png,0.9075596008849796,0.9493779997216183,0.994248046875,0.9629654164317835
result_356.png,0.8486605697586151,0.9114728280574332,0.9933984375,0.879299245377624
result_357.png,0.9092749273902595,0.9501976024716718,0.998349609375,0.9377726735439501
result_358.png,0.5600273877677672,0.612322492758411,0.99048828125,0.937402604590622
result_359.png,0.8768282936192714,0.9306937252245995,0.987451171875,0.9049296113177557
result_360.png,0.8058460971518873,0.8804316392224066,0.99330078125,0.8530095115004065
result_361.png,0.8969304312767159,0.9426680871323122,0.997939453125,0.9125557742822068
result_362.png,0.7227189451472456,0.809381704944538,0.994658203125,0.7444308376783211
result_363.png,0.8508633539673134,0.9128411177075026,0.99494140625,0.8668092689361797
result_364.png,0.8598069034907143,0.918720457645242,0.997197265625,0.872229986962493
result_365.png,0.9204310994578182,0.9568646161511343,0.998037109375,0.9597569061545308
result_366.png,0.8905597943670294,0.9387572594008995,0.99689453125,0.924435866983373
result_367.png,0.7775323658529023,0.8609054715883357,0.97505859375,0.7998658132299158
result_368.png,0.8753722323911204,0.928892519038661,0.998974609375,0.8849388676062332
result_369.png,0.887717415987777,0.9369064101209558,0.997783203125,0.9250754718737006
result_370.png,0.9023570300866162,0.945952350141341,0.99900390625,0.9564993463226377
result_371.png,0.8745512055005289,0.9285652809302001,0.99625,0.9270189636012443
result_372.png,0.8901911290083795,0.9385134774051117,0.997080078125,0.9411701663085339
result_373.png,0.8366293320531022,0.9033469660742088,0.990732421875,0.86033672412258
result_374.png,0.8811633153550421,0.9332763538739042,0.99005859375,0.9070585813900147
result_375.png,0.7675142769040008,0.8510700440165764,0.985283203125,0.7898076927775008
result_376.png,0.8244391430617014,0.8941379304924104,0.99478515625,0.9044656948949882
result_377.png,0.8816295670596619,0.9331900482658857,0.99548828125,0.8973661709604125
result_378.png,0.836962997332746,0.9035109560451711,0.991416015625,0.9271188943874472
result_379.png,0.7524368911429056,0.8399605237656258,0.976025390625,0.8321156848339399
result_380.png,0.7862551705742626,0.865173425813357,0.992822265625,0.8053384597983805
result_381.png,0.8000683516963205,0.8764419993496488,0.990009765625,0.8233897119160188
result_382.png,0.8895087269999474,0.9381345222388804,0.99630859375,0.9329149587089577
result_383.png,0.8320154305254246,0.8997095082372573,0.9940234375,0.8530448287636152
result_384.png,0.8289666338830156,0.8972787435396918,0.996123046875,0.8450914177569324
result_385.png,0.8588622482289267,0.9183418885622285,0.9942578125,0.8929464149769204
result_386.png,0.9009367040105367,0.9452291455699342,0.996416015625,0.950035745900491
result_387.png,0.8559102821106565,0.9175643638454483,0.980556640625,0.8848894944531959
result_388.png,0.5996357301488715,0.6724117186365965,0.985693359375,0.8797924654248008
result_389.png,0.7975097015788513,0.8748580665237947,0.98716796875,0.8410086600797071
result_390.png,0.8504528750863365,0.9125490012024731,0.995048828125,0.8806307687197439
result_391.png,0.9152847183254237,0.953830867581811,0.997744140625,0.9767188118580474
result_392.png,0.8982179054720172,0.9435002011801585,0.997353515625,0.9351780466577103
result_393.png,0.7370445784191973,0.8232563443959875,0.992119140625,0.765763375087728
result_394.png,0.8655595814219597,0.9229946347101812,0.992099609375,0.9113681708353091
result_395.png,0.8657417230144846,0.9226704897754588,0.99748046875,0.9059297493414967
result_396.png,0.9215309024776587,0.9574843337809064,0.99865234375,0.9450767411207901
result_397.png,0.8487439839798285,0.9126983246249083,0.981025390625,0.8718608210242451
result_398.png,0.7326907612187453,0.820937573044412,0.98416015625,0.7678294786397561
result_399.png,0.8432763233524967,0.9073099932448019,0.99767578125,0.9054392260244233
result_400.png,0.8450481136010735,0.9087428659045926,0.995732421875,0.9156958492729699
result_401.png,0.8375704174580273,0.9032208462052285,0.998251953125,0.8516792883985447
result_402.png,0.8784593613321235,0.9309392422351881,0.998408203125,0.9139594719827305
result_403.png,0.8841143056585542,0.9345508024714703,0.99873046875,0.9442992604355542
result_404.png,0.7783750612618598,0.8599269818782586,0.98568359375,0.9211752106756084
result_405.png,0.846073647004817,0.9098246125739129,0.99197265625,0.875557560359891
result_406.png,0.6999737696379608,0.7864346269839467,0.997119140625,0.713381969533261
result_407.png,0.792523324464596,0.8724685193110091,0.976669921875,0.821927641813678
result_408.png,0.884856710216112,0.9350077379900789,0.998974609375,0.9240729315005671
result_409.png,0.8395824998586364,0.9046281445698291,0.998447265625,0.8552428930040108
result_410.png,0.8658232819616809,0.9227733592374476,0.99689453125,0.8888034702306904
result_411.png,0.8742157015878035,0.9281219784465543,0.9991796875,0.8933385587614532
result_412.png,0.8389915396126754,0.9045012646132078,0.995654296875,0.9176469259905606
result_413.png,0.8088761121059813,0.8846495359385373,0.978359375,0.832376271775531
result_414.png,0.8335582258708234,0.9006994193728257,0.995078125,0.8589341358100753
result_415.png,0.8657346732416205,0.9226308869286082,0.997900390625,0.9574132106748559
result_416.png,0.8759356647646159,0.9297955653068131,0.9918359375,0.9147732798000647
result_417.png,0.848858089942597,0.9116228597967722,0.993251953125,0.870739524776963
result_418.png,0.777294566422995,0.8580758089691991,0.991787109375,0.798284333154166
result_419.png,0.8931735019755946,0.9404614682023454,0.995830078125,0.9194132942796323
result_420.png,0.7036089930109677,0.7924598138747885,0.987734375,0.7124071851062259
result_421.png,0.8775637829243261,0.9308276236307149,0.9920703125,0.9052207782359574
result_422.png,0.6426373776640425,0.7221123154719938,0.999560546875,0.6428571428571428
result_423.png,0.8144478509123227,0.8869125963836346,0.993447265625,0.9243697776574886
result_424.png,0.9042374557046847,0.9471142448810951,0.99880859375,0.9705200569242403
result_425.png,0.8391263601246918,0.9047041114969463,0.994619140625,0.8919442635644841
result_426.png,0.8359101937382183,0.9022886769058669,0.995908203125,0.8956089612008543
result_427.png,0.9146016977694313,0.9533673241821912,0.99890625,0.9460281073832428
result_428.png,0.8232834510713791,0.8932885015669807,0.994814453125,0.8638351440100276
result_429.png,0.8456220475966597,0.9097141889794882,0.98990234375,0.8688921171926721
result_430.png,0.8789705934992341,0.9315265558388572,0.994892578125,0.9179646149130306
result_431.png,0.8190444012507532,0.8907855448720167,0.98966796875,0.842747307631752
result_432.png,0.7061211929084936,0.79567401510721,0.984736328125,0.782696589112797
result_433.png,0.809378488010376,0.8831995302683839,0.992666015625,0.8769603018999648
result_434.png,0.8164113624364912,0.8888150006010629,0.9898828125,0.9703939263694026
result_435.png,0.8468632699584597,0.9097521729931106,0.998310546875,0.8738567055032815
result_436.png,0.8793659421511879,0.9317354788322056,0.995517578125,0.8933235473410606
result_437.png,0.778351156671922,0.8588650132836594,0.992255859375,0.797830184139735
result_438.png,0.8277224218209074,0.8966238059274524,0.9939453125,0.9160390087274342
result_439.png,0.736379821562481,0.8255127489556122,0.978076171875,0.8182651676004715
result_440.png,0.5398246372706846,0.5866184388419912,0.978212890625,0.9164041834635167
result_441.png,0.7828646656042352,0.8629235478728026,0.9897265625,0.8125877017754133
result_442.png,0.7780271201676703,0.8584027678049587,0.993486328125,0.8381083924591326
result_443.png,0.8462739597522617,0.9093524543000044,0.998203125,0.8665095420472029
result_444.png,0.8853172744187505,0.9354515390602176,0.996787109375,0.9189640149690197
result_445.png,0.8560527774634246,0.9159665647045484,0.99953125,0.9102372533844564
result_446.png,0.8261135937541871,0.8963472422736374,0.98611328125,0.8822866983116355
result_447.png,0.6041195235901143,0.6734120269085903,0.997548828125,0.6190359206562408
result_448.png,0.8349606694329939,0.9019302572818674,0.992939453125,0.8672429322953846
result_449.png,0.8313272619632809,0.8997842439621351,0.988837890625,0.8531502406881842
result_450.png,0.8728803799197988,0.928738225265632,0.97966796875,0.9024864876409053
result_451.png,0.8653804586431715,0.9224748448695673,0.996943359375,0.8891047699819417
result_452.png,0.7527818196525815,0.8380977915243546,0.98779296875,0.947298812706096
result_453.png,0.8811336642457985,0.9325723983220919,0.999677734375,0.9452803813912225
result_454.png,0.8520397929000345,0.9136103095602452,0.995341796875,0.8865693781483801
result_455.png,0.621689424520343,0.7013057976104213,0.985712890625,0.9222815017988285
result_456.png,0.8416337564308762,0.9066623158182179,0.992705078125,0.8488289873941476
result_457.png,0.8600268587091682,0.9191190571206854,0.994326171875,0.8917507304781829
result_458.png,0.7936917989537231,0.8720056666353083,0.986357421875,0.839699002224372
result_459.png,0.8856654596431337,0.935674765706013,0.9967578125,0.9379905653199422
result_460.png,0.7680851368318933,0.849426526811097,0.99771484375,0.7718878162593497
result_461.png,0.8683420544855655,0.9247599719806145,0.992958984375,0.946182704505001
result_462.png,0.844245982100535,0.9080947316541723,0.99662109375,0.8752863352752274
result_463.png,0.858952429580822,0.9185889924470869,0.99212890625,0.8935968895738904
result_464.png,0.8777002662035919,0.9306344957624112,0.995888671875,0.9081124755669407
result_465.png,0.9082882179357359,0.9496348454832557,0.99771484375,0.9561603263972686
result_466.png,0.7804027960258679,0.8613257827183394,0.9872265625,0.8241448188146654
result_467.png,0.877979896776743,0.9308294715289003,0.995693359375,0.9067857939706863
result_468.png,0.8912053021933615,0.939066222534346,0.998388671875,0.9312120668088293
result_469.png,0.9267290683161171,0.9605132834980294,0.998896484375,0.9666234417426653
result_470.png,0.8834204888319647,0.9341736596038233,0.997783203125,0.9123336541617592
result_471.png,0.8758899029046218,0.9293138840059862,0.997861328125,0.8958921839929787
result_472.png,0.7798169722185353,0.8609163917119353,0.98681640625,0.8204333718362041
result_473.png,0.8495933730118974,0.9131069922057021,0.98283203125,0.8728754232268654
result_474.png,0.8847330038535106,0.9353005773634546,0.99357421875,0.9375880075974741
result_475.png,0.8369658348272155,0.9042045453588758,0.984775390625,0.8658627122444505
result_476.png,0.8508514474790121,0.9127675184558451,0.995634765625,0.8851372987868493
result_477.png,0.7730803055723897,0.8556231406329673,0.9855859375,0.8861661095453806
result_478.png,0.7206174633366356,0.8091740678685139,0.986728515625,0.7422242980957467
result_479.png,0.932711569320482,0.9640203341330376,0.9975390625,0.9761041980786747
result_480.png,0.8831310932736265,0.934096131636541,0.99625,0.8981112790517339
result_481.png,0.8932674119529531,0.940435967638245,0.99716796875,0.9457993286990904
result_482.png,0.8993422602685934,0.9441153581255941,0.99869140625,0.9362069977434294
result_483.png,0.757186828420024,0.8428048905348882,0.982763671875,0.8960870726590132
result_484.png,0.8814362883875532,0.9334391391329139,0.99021484375,0.9044605718705199
result_485.png,0.8918741894389102,0.9394298641953673,0.999267578125,0.9173283251049775
result_486.png,0.847217918876146,0.91009914144099,0.99728515625,0.8638579783965968
result_487.png,0.9073190513831693,0.9489767338108117,0.999052734375,0.9700514110946361
result_488.png,0.8656586589656197,0.9226533849412971,0.997021484375,0.8738980944712234
result_489.png,0.9018713844993564,0.9457107024215616,0.998017578125,0.9262591267257881
result_490.png,0.8702967749975579,0.9261428668275153,0.991689453125,0.9273310080390567
result_491.png,0.854505207923802,0.9162522954137867,0.98474609375,0.8792207097417495
result_492.png,0.8077341806050293,0.8834901426351476,0.98078125,0.9214243025083015
result_493.png,0.8557633540452853,0.9161498324255822,0.995341796875,0.9271033466122403
result_494.png,0.8537810259202154,0.9147754338074834,0.995615234375,0.9158517722035289
result_495.png,0.8847591487546831,0.9354452037395798,0.99169921875,0.9305655566563182
result_496.png,0.8712097010660012,0.9262971518447211,0.99732421875,0.8989470536288999
result_497.png,0.8869321435994304,0.9365155539833193,0.996201171875,0.9111943371640585
result_498.png,0.8695212466563853,0.9253322944540923,0.995498046875,0.8945682886675341
result_499.png,0.815510430385359,0.8876794546704478,0.993662109375,0.8236406832242303
result_500.png,0.7637496671662619,0.8478216655959192,0.985849609375,0.7904697113631655
result_501.png,0.8274167966453676,0.89624447091298,0.99533203125,0.8719851017328832
result_502.png,0.8884304172366155,0.9379738639142865,0.988408203125,0.9421875628646311
result_503.png,0.6104806344757294,0.6858174873631577,0.988310546875,0.9705996173477953
result_504.png,0.8245172517419807,0.8941552245109899,0.995126953125,0.8544812263141532
result_505.png,0.9140156086048343,0.953064651533071,0.997939453125,0.9696261119959235
result_506.png,0.7770509495237989,0.8643156847065876,0.949892578125,0.8141323264366753
result_507.png,0.9206087596626323,0.9569740364329038,0.9979296875,0.9526727128452444
result_508.png,0.8689976996473017,0.9248234334792206,0.9975390625,0.922345410837895
result_509.png,0.7466909410199865,0.8320991584062809,0.991240234375,0.7988034831700097
result_510.png,0.8243629247133597,0.893937489789777,0.996025390625,0.8801476605707825
result_511.png,0.8541794061076904,0.9149888794758783,0.99625,0.9075819303521544
result_512.png,0.8754414936820119,0.9293796601258213,0.993125,0.9021995058227472
result_513.png,0.7806116133710925,0.8612125440001301,0.989033203125,0.952790581859662
result_514.png,0.8787928960714954,0.9314129080524597,0.9948828125,0.9105747767857143
result_515.png,0.6481621670048104,0.7337095676865213,0.984873046875,0.8672019026396975
result_516.png,0.8746564084535244,0.9286627532599114,0.995869140625,0.8928908763615678
result_517.png,0.9211793112761278,0.9573114089868331,0.997890625,0.9531215431254895
result_518.png,0.7374356359869334,0.8286626374441335,0.966865234375,0.7633921138342832
result_519.png,0.8678953964191781,0.9242867620686352,0.99517578125,0.8755313027445086
result_520.png,0.8698732566568228,0.926989158544899,0.97724609375,0.9132667830374522
result_521.png,0.9037105633368652,0.9468670596326443,0.997470703125,0.9810195798191215
result_522.png,0.9001363028242161,0.9446859281231308,0.9973046875,0.9712547342926288
result_523.png,0.8598957279377778,0.9187349821523957,0.99771484375,0.8692867908083448
result_524.png,0.7282331230136017,0.816047737498131,0.987900390625,0.7958219800615474
result_525.png,0.5961382917582794,0.6660189925078144,0.989375,0.6068371422961757
result_526.png,0.9194492978080886,0.9562648786385881,0.99849609375,0.9682936861374434
result_527.png,0.8713329443956492,0.926749565432506,0.992587890625,0.8854900325188136
result_528.png,0.822479963636584,0.8933334772445782,0.9894140625,0.877443702199981
result_529.png,0.8707960867546791,0.9258788527146635,0.999169921875,0.9081864185439112
result_530.png,0.7960758172360944,0.8737850847271147,0.98689453125,0.8087703567719331
result_531.png,0.8426051634689711,0.9086534669774369,0.979462890625,0.8737989441643963
result_532.png,0.8672666445038698,0.9235973259083833,0.998525390625,0.8940082370090221
result_533.png,0.872504912981471,0.927346925667393,0.99474609375,0.8782443493219758
result_534.png,0.847393169667601,0.9101053586467014,0.998466796875,0.9041412850679331
result_535.png,0.746695978664152,0.8325220956545842,0.98908203125,0.9564200780941562
result_536.png,0.7414420123001539,0.838470559317256,0.932353515625,0.7981452715752932
result_537.png,0.8660784828731195,0.9228109869203285,0.998486328125,0.9527463738288833
result_538.png,0.8236090905999891,0.8940838801397017,0.9900390625,0.845138748802529
result_539.png,0.5091713459317898,0.5243726828289016,0.9909765625,0.513693701649342
result_540.png,0.8289983018285019,0.8981126391446029,0.988876953125,0.8463599416839517
result_541.png,0.90017257285652,0.9447502634521407,0.99658203125,0.9313122651415668
result_542.png,0.8915451375698367,0.9393173452605934,0.997802734375,0.9326748981868175
result_543.png,0.860066018802641,0.9187256645072731,0.999130859375,0.884517442381714
result_544.png,0.8974129504889623,0.9429353890620897,0.998466796875,0.9232220648957548
result_545.png,0.8563824720928683,0.9164670182176133,0.996484375,0.8809115415976347
result_546.png,0.5019864085586774,0.505222101850196,0.998291015625,0.5028409090909091
result_547.png,0.9123109189241689,0.9520496900342703,0.997841796875,0.9518580764820096
result_548.png,0.7018839194128552,0.7899542056877377,0.99087890625,0.7250995617190743
result_549.png,0.9007113406718519,0.9449076064450743,0.999580078125,0.9370978678875931
result_550.png,0.8665578768881886,0.9237177405871094,0.991318359375,0.9262667981890573
result_551.png,0.8763674558657744,0.9298349711000584,0.995048828125,0.8985662916232457
result_552.png,0.8178980649325489,0.8892490065438845,0.9953515625,0.9305210238982036
result_553.png,0.9116520493001348,0.9516278474777673,0.998369140625,0.9635111187576362
result_554.png,0.8824470534176414,0.9339046012685952,0.99275390625,0.9149882568816718
result_555.png,0.7925690081095041,0.8699172938209805,0.994716796875,0.83713021540171
result_556.png,0.8382984008609721,0.9040938321513861,0.99486328125,0.8962271174080403
result_557.png,0.6180986313884952,0.6959452885118095,0.987744140625,0.74886488602039
result_558.png,0.687158062877352,0.7725562456854542,0.99931640625,0.6908993147823923
result_559.png,0.8876347916330292,0.9374213502349872,0.98923828125,0.9111851411974353
result_560.png,0.6935123053761412,0.7816848019553597,0.990048828125,0.7132304513798808
result_561.png,0.8699665091332938,0.9258126090411692,0.993134765625,0.9302266013080789
result_562.png,0.836195521343367,0.9024313794391642,0.996474609375,0.8718956161820327
result_563.png,0.8376173593318684,0.9036672467393232,0.9943359375,0.9354604845452505
result_564.png,0.8381013075819412,0.9040851596189448,0.99361328125,0.880630633437947
result_565.png,0.8868837156053065,0.9363419768221878,0.9983203125,0.9128425985333963
result_566.png,0.9107305596949608,0.9511303796133888,0.997265625,0.9395129489649532
